kare,karar,ham,model,sistem,kose,artik,simetri,bekci,zarf,mm_px,bilezik,bilezik_kullanildi,kapilar,ms
ACO_6600_0022.jpg,warn,35.44,2.22,2.73,2.278,2.705,9.07,4.01,True,0.3244390571102964,3,True,spread,222
ACO_ANKA_0030_8.jpg,warn,34.16,0.55,2.45,1.038,2.251,1.57,6.03,True,0.3202299482377081,4,True,spread,205
ACO_ANKA_0040_GAIN.jpg,warn,34.61,1.9,2.2,2.803,2.54,2.53,4.3,True,0.32515828966090227,3,True,spread,250
ACO_ANKA_0030_9.jpg,warn,34.17,0.58,2.05,1.002,1.853,1.58,5.4,True,0.32022693904360855,4,True,spread,205
ACO_6600_0007.jpg,warn,34.33,2.33,2.03,2.13,2.156,5.36,3.02,True,0.3252442304772177,0,False,"spread,stage2",188
ACO_ANKA_0039.jpg,warn,34.98,1.63,2.02,0.811,2.347,5.32,1.45,True,0.3240274087915181,4,True,spread,246
ACO_6600_0008.jpg,warn,35.04,2.83,2.01,2.319,2.524,2.54,3.07,True,0.3243391670603099,3,True,spread,214
ACO_ANKA_0033_3.jpg,accept,34.52,0.52,1.93,0.94,2.127,7.06,4.72,True,0.3229937876727055,4,True,-,214
ACO_ANKA_0030_4.jpg,accept,34.09,0.55,1.91,0.974,1.709,1.27,4.98,True,0.32060524889685943,4,True,-,202
ACO-ANKA-A1100-0021.jpg,accept,34.01,3.14,1.88,1.323,1.934,2.9,4.59,True,0.3244077961412506,3,True,-,255
ACO_6600_0003.jpg,accept,36.02,3.2,1.87,0.723,1.985,9.44,5.91,True,0.3226750401306383,4,False,stage2,227
ACO_6600_0011.jpg,accept,34.34,3.19,1.86,2.661,1.759,4.63,3.07,True,0.3274369659706872,3,True,-,263
ACO_ANKA_0035_1.jpg,warn,34.35,3.38,1.86,1.109,2.239,8.01,7.87,True,0.3231704385926669,4,True,net,215
ACO_ANKA_0004.jpg,warn,33.96,4.77,1.8,2.419,2.088,2.86,7.04,True,0.3264934533309909,3,True,net,202
ACO_6600_0006.jpg,accept,35.49,2.09,1.69,2.224,1.728,10.97,3.44,True,0.3258792514520094,4,False,stage2,268
ACO_ANKA_0026.jpg,warn,35.15,1.68,1.68,3.542,5.818,3.79,2.53,True,0.32390466190773737,2,False,"residual,stage2",180
ACO_ANKA_0023.jpg,accept,34.93,2.89,1.66,1.207,1.798,5.38,5.27,True,0.3225114509124022,0,False,stage2,228
ACO_6600_0012.jpg,accept,34.65,3.58,1.64,2.386,1.694,4.94,4.04,True,0.32438378206980206,3,True,-,240
ACO_ANKA_0020.jpg,warn,35.04,1.1,1.63,1.15,6.481,10.37,2.87,True,0.32380259225772484,0,False,"residual,stage2",198
ACO_ANKA_0037_1.jpg,accept,34.72,1.78,1.59,2.448,1.671,6.49,1.65,True,0.32145534761959094,0,False,stage2,168
ACO_6600_0020.jpg,accept,34.54,1.61,1.56,2.375,1.646,5.49,1.65,True,0.3225836316260794,2,False,stage2,176
ACO_6600_0014.jpg,accept,34.08,1.91,1.55,2.71,1.561,7.43,5.48,True,0.3259085628239442,3,True,-,220
ACO_ANKA_0037_5.jpg,accept,34.67,2.03,1.54,2.447,1.651,6.38,1.64,True,0.321454144283392,0,False,stage2,164
ACO_6600_0004.jpg,accept,34.68,1.7,1.53,0.924,1.557,11.15,2.09,True,0.3235929142675494,4,True,-,207
ACO_ANKA_0022.jpg,accept,34.84,2.03,1.53,1.024,1.989,5.3,3.73,True,0.3260768532284856,4,True,-,286
ACO_ANKA_0030_1.jpg,accept,34.1,0.54,1.53,0.956,1.431,1.28,4.21,True,0.32067462421205006,4,True,-,204
ACO_ANKA_0045_8.jpg,accept,33.79,1.35,1.53,0.886,2.114,2.4,5.2,True,0.3221988617123106,4,True,-,238
ACO_ANKA_0037.jpg,accept,34.73,2.38,1.52,2.716,1.57,5.45,1.57,True,0.3209570699725261,2,False,stage2,196
ACO_ANKA_0037_4.jpg,accept,34.57,1.78,1.48,2.365,1.65,6.0,1.62,True,0.32148042776690827,3,True,-,199
ACO_ANKA_0029.jpg,warn,34.34,3.92,1.47,1.39,4.152,4.5,6.92,True,0.3237302516590954,2,False,"line,residual,net,stage2",200
ACO_ANKA_0037_2.jpg,accept,34.58,1.76,1.47,2.448,1.603,5.92,1.65,True,0.32146206033921376,2,False,stage2,162
ACO_ANKA_0037_3.jpg,accept,34.54,1.82,1.47,2.45,1.603,5.85,1.61,True,0.3214302083047622,2,False,stage2,163
ACO_ANKA_0040_GAMMA.jpg,warn,34.79,2.21,1.42,3.401,5.986,4.26,2.57,True,0.3228141716670694,0,False,"residual,stage2",189
ACO_6600_0005.jpg,warn,34.18,2.23,1.39,2.3,1.757,5.59,7.37,True,0.3252756125246889,3,True,net,205
ACO_ANKA_0005.jpg,accept,34.57,3.72,1.35,2.489,1.351,6.39,4.47,True,0.32520087835580763,2,False,stage2,189
ACO_ANKA_0013.jpg,accept,34.75,1.37,1.35,2.314,1.218,6.36,3.16,True,0.3244556195280638,2,False,stage2,161
ACO_6600_0009.jpg,accept,34.64,4.92,1.29,2.887,1.317,8.13,5.71,True,0.325154261400523,2,False,stage2,188
ACO_ANKA_0040_BRI.jpg,accept,34.53,1.91,1.28,3.321,1.509,3.32,3.66,True,0.32315703712006094,3,False,stage2,233
ACO_6600_0015.jpg,accept,35.01,2.17,1.27,2.53,3.232,6.53,3.59,True,0.3239076468720035,3,True,-,204
ACO_ANKA_0033.jpg,accept,34.67,3.23,1.26,0.752,1.946,8.79,3.44,True,0.3233120913086701,5,True,-,290
ACO_6600_0016.jpg,accept,33.89,2.11,1.24,2.897,1.172,5.38,3.64,True,0.32583447252739367,3,True,-,203
ACO_ANKA_0036_2.jpg,accept,33.93,1.34,1.23,0.969,1.107,4.62,4.11,True,0.3211378200203596,4,True,-,214
ACO_6600_0018.jpg,accept,34.58,1.33,1.2,2.196,1.315,7.13,4.42,True,0.32383698011556067,0,False,stage2,188
ACO_ANKA_0040_SAT.jpg,accept,34.42,1.82,1.19,3.354,1.761,2.85,3.6,True,0.3231249270742636,1,False,stage2,181
ACO_ANKA_0027.jpg,accept,34.33,1.15,1.18,0.959,1.314,4.99,0.88,True,0.32405295779603877,4,True,-,216
ACO_6600_0010.jpg,accept,34.98,2.57,1.16,2.24,1.235,10.68,3.94,True,0.32323292321700253,0,False,stage2,215
ACO_6600_0019.jpg,accept,35.18,2.15,1.16,2.482,1.231,6.02,4.43,True,0.3208013777350626,3,True,-,210
ACO_6600_0013.jpg,accept,34.87,2.07,1.15,2.97,1.297,6.45,2.48,True,0.32366641668726975,2,False,stage2,199
ACO_ANKA_0045.jpg,accept,33.74,1.81,1.1,0.922,1.299,2.53,4.52,True,0.32151111178625164,4,True,-,234
ACO_6600_0017.jpg,accept,34.04,1.44,1.08,2.615,0.959,5.63,1.76,True,0.3233839932429902,2,False,stage2,189
ACO_ANKA_0038.jpg,accept,34.68,2.7,1.06,4.266,0.951,6.93,4.32,True,0.3232720003525169,3,False,stage2,263
0017.jpg,accept,34.22,1.29,1.03,2.615,0.916,5.93,0.99,True,0.32327930974325514,0,False,stage2,1332
ACO_ANKA_0036_5.jpg,accept,34.0,1.23,1.03,0.955,0.972,4.83,3.75,True,0.3208718124564799,4,True,-,211
ACO_ANKA_0035.jpg,accept,34.28,2.1,1.0,3.505,1.174,6.95,1.99,True,0.32262749683202285,3,True,-,302
ACO_ANKA_0044.jpg,accept,35.07,3.72,0.98,1.111,1.755,6.42,5.38,True,0.32006789632878124,5,True,-,294
ACO_ANKA_0024.jpg,accept,33.55,1.19,0.94,0.922,1.231,2.57,2.87,True,0.3223396180087738,4,True,-,220
ACO_ANKA_0031.jpg,accept,34.66,1.5,0.94,1.024,0.983,4.08,3.87,True,0.32179281954695665,4,True,-,257
ACO_ANKA_0010.jpg,accept,34.3,1.82,0.87,2.319,0.954,6.84,3.96,True,0.3247397494858164,2,False,stage2,196
ACO_ANKA_0022_n.jpg,accept,34.62,0.75,0.86,0.947,1.359,5.38,2.5,True,0.32341579675025456,4,True,-,214
ACO_ANKA_0035_5.jpg,accept,34.6,3.43,0.86,2.954,2.842,8.37,4.6,True,0.32360581104444797,0,False,stage2,155
ACO_ANKA_0047_3.jpg,accept,33.86,0.82,0.84,1.289,1.471,3.26,2.39,True,0.32269693231553537,3,True,-,204
ACO_ANKA_0022_1.jpg,accept,34.66,0.72,0.83,3.195,0.889,5.36,1.84,True,0.324498609412285,2,False,stage2,185
ACO_ANKA_0028.jpg,accept,34.0,4.46,0.82,4.401,0.75,2.24,5.01,True,0.32233744290901445,0,False,stage2,188
ACO_ANKA_0036_10.jpg,accept,33.98,1.24,0.82,0.952,0.74,4.86,3.74,True,0.3209183998675496,4,True,-,209
ACO_ANKA_0047.jpg,accept,34.26,1.62,0.81,4.124,0.921,4.9,2.3,True,0.3227252997733639,0,False,stage2,199
ACO-ANKA-A1100-0036.jpg,warn,34.86,2.34,0.8,0.9,5.069,6.78,2.29,True,0.3208896371476823,4,True,residual,252
ACO_ANKA_0030.jpg,accept,34.55,2.07,0.8,1.108,0.867,3.27,1.98,True,0.32047111030712644,4,True,-,276
ACO_ANKA_0035_2.jpg,accept,34.35,3.32,0.78,2.95,2.016,7.99,4.09,True,0.3233329596538695,0,False,stage2,156
ACO_ANKA_0033_1.jpg,accept,34.49,0.45,0.77,2.565,1.462,6.68,1.96,True,0.3251389395950876,3,True,-,203
ACO_ANKA_0035_3.jpg,accept,34.34,3.39,0.77,2.976,2.022,7.96,4.21,True,0.3233162107560171,0,False,stage2,162
ACO_ANKA_0035_4.jpg,accept,34.32,3.29,0.75,2.955,2.14,7.86,4.07,True,0.32332748204215733,0,False,stage2,157
ACO_ANKA_0045_2.jpg,accept,33.84,1.63,0.71,2.631,1.054,2.54,3.01,True,0.32213603650927963,3,True,-,227
ACO_ANKA_0033_10.jpg,accept,34.51,0.57,0.7,2.493,1.42,6.94,1.35,True,0.32454996208831915,3,True,-,201
ACO_ANKA_0036_1.jpg,accept,33.93,1.36,0.7,0.914,0.674,4.68,3.64,True,0.32180419919004555,4,True,-,203
ACO_ANKA_0033_4.jpg,accept,34.46,0.44,0.61,2.491,1.535,7.09,1.24,True,0.3246352048561351,3,True,-,208
ACO_ANKA_0032.jpg,accept,34.19,4.05,0.6,4.395,0.874,3.06,4.49,True,0.3195669655787275,2,False,stage2,277
ACO_ANKA_0030_3.jpg,accept,34.1,0.59,0.59,2.76,0.782,1.41,1.79,True,0.3221733884015165,3,True,-,193
ACO_ANKA_0014.jpg,accept,33.5,1.94,0.58,2.744,0.592,3.26,3.68,True,0.323615824048161,1,False,stage2,161
ACO_ANKA_0040.jpg,accept,33.9,1.32,0.58,3.002,0.503,1.84,3.7,True,0.32236950256978014,2,False,stage2,172
ACO_ANKA_0022_2.jpg,accept,34.6,0.62,0.57,3.12,0.913,5.4,1.4,True,0.3240205397140577,3,True,-,209
ACO_ANKA_0033_5.jpg,accept,34.49,0.43,0.57,2.506,1.185,7.13,1.46,True,0.3248649545599429,3,True,-,196
ACO_ANKA_0030_2.jpg,accept,34.11,0.59,0.56,2.754,0.74,1.37,1.85,True,0.32218756814305166,3,True,-,192
ACO_ANKA_0033_2.jpg,accept,34.48,0.34,0.53,2.497,0.976,7.22,1.23,True,0.32465133859426426,3,True,-,241
ACO_ANKA_0032_10.jpg,accept,33.61,3.89,0.49,3.387,0.61,1.94,3.61,True,0.3198974536449757,0,False,stage2,171
ACO_ANKA_0032_2.jpg,accept,33.62,3.96,0.49,3.387,0.612,1.9,3.64,True,0.3199243631932759,1,False,stage2,167
ACO_ANKA_0031_9.jpg,accept,34.69,2.86,0.48,2.928,0.444,4.33,2.22,True,0.3214773715759578,1,False,stage2,167
ACO_ANKA_0032_4.jpg,accept,33.61,3.92,0.48,3.386,0.618,1.91,3.58,True,0.3199639910265819,2,False,stage2,173
ACO_ANKA_0031_4.jpg,accept,34.6,2.75,0.47,2.937,0.635,4.25,2.23,True,0.3212120969462316,2,False,stage2,166
ACO_ANKA_0032_1.jpg,accept,33.61,3.81,0.47,3.39,0.618,1.84,3.46,True,0.3199679793656927,1,False,stage2,169
ACO_ANKA_0032_3.jpg,accept,33.62,3.88,0.47,3.381,0.583,1.82,3.52,True,0.320003277344636,2,False,stage2,169
ACO_ANKA_0041.jpg,accept,33.92,0.88,0.44,3.433,0.492,3.96,2.45,True,0.3221677435520404,0,False,stage2,254
ACO_ANKA_0031_3.jpg,accept,34.5,2.93,0.43,2.937,0.67,3.95,2.34,True,0.32134855788148187,1,False,stage2,165
ACO_ANKA_0031_1.jpg,accept,34.51,2.8,0.41,2.937,0.593,4.02,2.26,True,0.3213034770148035,1,False,stage2,163
ACO_ANKA_0045_1.jpg,accept,33.89,1.64,0.41,2.672,0.54,2.59,2.8,True,0.32185263241360695,0,False,stage2,192
ACO_ANKA_0045_3.jpg,accept,33.81,1.45,0.41,2.654,0.51,2.42,2.71,True,0.321865252414544,2,False,stage2,180
ACO_ANKA_0047_1.jpg,accept,33.86,1.03,0.41,3.569,1.428,3.1,1.89,True,0.3230906965018302,0,False,stage2,161
ACO_ANKA_0031_10.jpg,accept,34.67,2.81,0.4,2.925,0.43,4.31,2.22,True,0.3214932128124359,1,False,stage2,162
ACO_ANKA_0031_2.jpg,accept,34.67,2.73,0.4,2.93,0.387,4.34,2.17,True,0.3214231986853852,1,False,stage2,165
ACO_ANKA_0045_7.jpg,accept,33.9,1.27,0.4,2.651,0.537,2.66,2.59,True,0.32189509153778617,0,False,stage2,189
ACO_ANKA_0047_2.jpg,accept,33.81,0.93,0.4,3.576,1.466,2.99,1.74,True,0.323072913310482,0,False,stage2,155
ACO_ANKA_0047_8.jpg,accept,33.81,0.96,0.36,3.109,1.429,3.11,1.61,True,0.32289031823613695,0,False,stage2,163
ACO_ANKA_0047_7.jpg,accept,33.87,0.91,0.28,3.107,1.24,3.48,1.6,True,0.3229108166757113,1,False,stage2,158
ACO_ANKA_0036_F.jpg,accept,33.75,1.17,0.24,3.015,0.479,4.2,2.7,True,0.32146413740890206,2,False,stage2,158
ACO_ANKA_0036_4.jpg,accept,33.92,1.35,0.12,3.028,0.566,4.6,2.59,True,0.32155827098082784,0,False,stage2,160
